object_id,object_name,file_size_mb,mode,request_num,ttfb_ms,total_latency_ms,transfer_time_ms,content_size,timestamp,size_category
96e219eb-d94d-4f70-aea6-249ddfbf1e0b,uploads_files_2790453___3+seater+chair.glb,1.179968,optimized,0,4.86,23.86,19.0,1179968,2025-09-03T12:03:44.995202,1-5MB
96e219eb-d94d-4f70-aea6-249ddfbf1e0b,uploads_files_2790453___3+seater+chair.glb,1.179968,optimized,1,4.98,24.09,19.12,1179968,2025-09-03T12:03:44.996196,1-5MB
96e219eb-d94d-4f70-aea6-249ddfbf1e0b,uploads_files_2790453___3+seater+chair.glb,1.179968,optimized,3,5.83,23.25,17.42,1179968,2025-09-03T12:03:44.997187,1-5MB
96e219eb-d94d-4f70-aea6-249ddfbf1e0b,uploads_files_2790453___3+seater+chair.glb,1.179968,optimized,2,7.59,24.29,16.7,1179968,2025-09-03T12:03:44.997187,1-5MB
96e219eb-d94d-4f70-aea6-249ddfbf1e0b,uploads_files_2790453___3+seater+chair.glb,1.179968,optimized,6,10.65,21.78,11.13,1179968,2025-09-03T12:03:44.999196,1-5MB
96e219eb-d94d-4f70-aea6-249ddfbf1e0b,uploads_files_2790453___3+seater+chair.glb,1.179968,optimized,4,10.9,23.82,12.92,1179968,2025-09-03T12:03:45.000195,1-5MB
96e219eb-d94d-4f70-aea6-249ddfbf1e0b,uploads_files_2790453___3+seater+chair.glb,1.179968,optimized,8,8.8,18.77,9.97,1179968,2025-09-03T12:03:45.000195,1-5MB
96e219eb-d94d-4f70-aea6-249ddfbf1e0b,uploads_files_2790453___3+seater+chair.glb,1.179968,optimized,5,13.24,24.84,11.6,1179968,2025-09-03T12:03:45.001722,1-5MB
96e219eb-d94d-4f70-aea6-249ddfbf1e0b,uploads_files_2790453___3+seater+chair.glb,1.179968,optimized,7,15.06,23.22,8.16,1179968,2025-09-03T12:03:45.002228,1-5MB
96e219eb-d94d-4f70-aea6-249ddfbf1e0b,uploads_files_2790453___3+seater+chair.glb,1.179968,optimized,9,14.16,18.38,4.22,1179968,2025-09-03T12:03:45.002761,1-5MB
1402e1a8-64a9-45be-bf81-73fdd1db99f9,uploads-files-4255229-Tree_v1_001.glb,1.327608,optimized,0,4.01,24.84,20.83,1327608,2025-09-03T12:03:45.028124,1-5MB
1402e1a8-64a9-45be-bf81-73fdd1db99f9,uploads-files-4255229-Tree_v1_001.glb,1.327608,optimized,3,7.65,25.13,17.48,1327608,2025-09-03T12:03:45.031138,1-5MB
1402e1a8-64a9-45be-bf81-73fdd1db99f9,uploads-files-4255229-Tree_v1_001.glb,1.327608,optimized,5,7.05,21.44,14.38,1327608,2025-09-03T12:03:45.031138,1-5MB
1402e1a8-64a9-45be-bf81-73fdd1db99f9,uploads-files-4255229-Tree_v1_001.glb,1.327608,optimized,2,7.24,27.3,20.07,1327608,2025-09-03T12:03:45.032135,1-5MB
1402e1a8-64a9-45be-bf81-73fdd1db99f9,uploads-files-4255229-Tree_v1_001.glb,1.327608,optimized,1,5.91,28.61,22.7,1327608,2025-09-03T12:03:45.032135,1-5MB
1402e1a8-64a9-45be-bf81-73fdd1db99f9,uploads-files-4255229-Tree_v1_001.glb,1.327608,optimized,8,4.25,15.48,11.23,1327608,2025-09-03T12:03:45.033129,1-5MB
1402e1a8-64a9-45be-bf81-73fdd1db99f9,uploads-files-4255229-Tree_v1_001.glb,1.327608,optimized,4,6.69,25.52,18.83,1327608,2025-09-03T12:03:45.033129,1-5MB
1402e1a8-64a9-45be-bf81-73fdd1db99f9,uploads-files-4255229-Tree_v1_001.glb,1.327608,optimized,6,6.32,20.88,14.56,1327608,2025-09-03T12:03:45.033129,1-5MB
1402e1a8-64a9-45be-bf81-73fdd1db99f9,uploads-files-4255229-Tree_v1_001.glb,1.327608,optimized,7,5.43,18.03,12.6,1327608,2025-09-03T12:03:45.033129,1-5MB
1402e1a8-64a9-45be-bf81-73fdd1db99f9,uploads-files-4255229-Tree_v1_001.glb,1.327608,optimized,9,5.95,28.03,22.08,1327608,2025-09-03T12:03:45.047749,1-5MB
78a476b1-12cd-4d69-997d-897ef1ea4b66,swing.glb,1.409872,optimized,4,5.17,17.61,12.45,1409872,2025-09-03T12:03:45.070726,1-5MB
78a476b1-12cd-4d69-997d-897ef1ea4b66,swing.glb,1.409872,optimized,2,6.21,20.78,14.57,1409872,2025-09-03T12:03:45.071733,1-5MB
78a476b1-12cd-4d69-997d-897ef1ea4b66,swing.glb,1.409872,optimized,0,3.59,23.98,20.39,1409872,2025-09-03T12:03:45.073839,1-5MB
78a476b1-12cd-4d69-997d-897ef1ea4b66,swing.glb,1.409872,optimized,5,7.5,20.13,12.63,1409872,2025-09-03T12:03:45.074838,1-5MB
78a476b1-12cd-4d69-997d-897ef1ea4b66,swing.glb,1.409872,optimized,1,5.25,24.66,19.42,1409872,2025-09-03T12:03:45.074838,1-5MB
78a476b1-12cd-4d69-997d-897ef1ea4b66,swing.glb,1.409872,optimized,6,5.93,20.39,14.46,1409872,2025-09-03T12:03:45.075832,1-5MB
78a476b1-12cd-4d69-997d-897ef1ea4b66,swing.glb,1.409872,optimized,9,4.54,12.84,8.31,1409872,2025-09-03T12:03:45.075832,1-5MB
78a476b1-12cd-4d69-997d-897ef1ea4b66,swing.glb,1.409872,optimized,8,5.59,15.44,9.85,1409872,2025-09-03T12:03:45.075832,1-5MB
78a476b1-12cd-4d69-997d-897ef1ea4b66,swing.glb,1.409872,optimized,3,7.06,24.87,17.81,1409872,2025-09-03T12:03:45.076838,1-5MB
78a476b1-12cd-4d69-997d-897ef1ea4b66,swing.glb,1.409872,optimized,7,6.05,17.69,11.64,1409872,2025-09-03T12:03:45.076838,1-5MB
895cdacc-e5a1-4520-821a-73359a95ba67,peony_GLB.glb,1.515176,optimized,2,4.3,22.22,17.91,1515176,2025-09-03T12:03:45.100842,1-5MB
895cdacc-e5a1-4520-821a-73359a95ba67,peony_GLB.glb,1.515176,optimized,1,4.2,23.98,19.78,1515176,2025-09-03T12:03:45.101833,1-5MB
895cdacc-e5a1-4520-821a-73359a95ba67,peony_GLB.glb,1.515176,optimized,0,3.67,25.58,21.91,1515176,2025-09-03T12:03:45.102840,1-5MB
895cdacc-e5a1-4520-821a-73359a95ba67,peony_GLB.glb,1.515176,optimized,9,5.07,15.22,10.15,1515176,2025-09-03T12:03:45.103840,1-5MB
895cdacc-e5a1-4520-821a-73359a95ba67,peony_GLB.glb,1.515176,optimized,4,9.12,23.78,14.66,1515176,2025-09-03T12:03:45.103840,1-5MB
895cdacc-e5a1-4520-821a-73359a95ba67,peony_GLB.glb,1.515176,optimized,3,3.47,24.96,21.48,1515176,2025-09-03T12:03:45.104840,1-5MB
895cdacc-e5a1-4520-821a-73359a95ba67,peony_GLB.glb,1.515176,optimized,5,4.81,22.59,17.79,1515176,2025-09-03T12:03:45.104840,1-5MB
895cdacc-e5a1-4520-821a-73359a95ba67,peony_GLB.glb,1.515176,optimized,6,7.05,21.42,14.37,1515176,2025-09-03T12:03:45.104840,1-5MB
895cdacc-e5a1-4520-821a-73359a95ba67,peony_GLB.glb,1.515176,optimized,7,7.29,20.34,13.05,1515176,2025-09-03T12:03:45.105840,1-5MB
895cdacc-e5a1-4520-821a-73359a95ba67,peony_GLB.glb,1.515176,optimized,8,4.34,18.54,14.21,1515176,2025-09-03T12:03:45.105840,1-5MB
b25062a5-31ec-4bb6-87db-21786b59db36,uploads-files-4569088-untitled.glb,2.140196,optimized,4,9.08,31.91,22.83,2140196,2025-09-03T12:03:45.141440,1-5MB
b25062a5-31ec-4bb6-87db-21786b59db36,uploads-files-4569088-untitled.glb,2.140196,optimized,0,3.79,35.43,31.64,2140196,2025-09-03T12:03:45.142495,1-5MB
b25062a5-31ec-4bb6-87db-21786b59db36,uploads-files-4569088-untitled.glb,2.140196,optimized,5,10.19,32.59,22.4,2140196,2025-09-03T12:03:45.143661,1-5MB
b25062a5-31ec-4bb6-87db-21786b59db36,uploads-files-4569088-untitled.glb,2.140196,optimized,1,3.76,37.53,33.77,2140196,2025-09-03T12:03:45.144729,1-5MB
b25062a5-31ec-4bb6-87db-21786b59db36,uploads-files-4569088-untitled.glb,2.140196,optimized,3,10.68,36.75,26.07,2140196,2025-09-03T12:03:45.145786,1-5MB
b25062a5-31ec-4bb6-87db-21786b59db36,uploads-files-4569088-untitled.glb,2.140196,optimized,6,7.33,33.97,26.63,2140196,2025-09-03T12:03:45.145786,1-5MB
b25062a5-31ec-4bb6-87db-21786b59db36,uploads-files-4569088-untitled.glb,2.140196,optimized,2,8.4,37.81,29.42,2140196,2025-09-03T12:03:45.146311,1-5MB
b25062a5-31ec-4bb6-87db-21786b59db36,uploads-files-4569088-untitled.glb,2.140196,optimized,7,9.34,32.78,23.44,2140196,2025-09-03T12:03:45.146311,1-5MB
b25062a5-31ec-4bb6-87db-21786b59db36,uploads-files-4569088-untitled.glb,2.140196,optimized,9,8.8,29.96,21.16,2140196,2025-09-03T12:03:45.146857,1-5MB
b25062a5-31ec-4bb6-87db-21786b59db36,uploads-files-4569088-untitled.glb,2.140196,optimized,8,7.6,32.54,24.93,2140196,2025-09-03T12:03:45.147385,1-5MB
d759e717-8f9e-4dcb-92fc-b626bd8b3ecc,uploads_files_2678263_Office_Plant.glb,2.207032,optimized,0,4.22,37.94,33.72,2207032,2025-09-03T12:03:45.186557,1-5MB
d759e717-8f9e-4dcb-92fc-b626bd8b3ecc,uploads_files_2678263_Office_Plant.glb,2.207032,optimized,4,5.57,36.4,30.83,2207032,2025-09-03T12:03:45.188151,1-5MB
d759e717-8f9e-4dcb-92fc-b626bd8b3ecc,uploads_files_2678263_Office_Plant.glb,2.207032,optimized,8,6.14,27.66,21.52,2207032,2025-09-03T12:03:45.189217,1-5MB
d759e717-8f9e-4dcb-92fc-b626bd8b3ecc,uploads_files_2678263_Office_Plant.glb,2.207032,optimized,3,7.35,39.15,31.8,2207032,2025-09-03T12:03:45.189893,1-5MB
d759e717-8f9e-4dcb-92fc-b626bd8b3ecc,uploads_files_2678263_Office_Plant.glb,2.207032,optimized,5,5.82,36.73,30.91,2207032,2025-09-03T12:03:45.190962,1-5MB
d759e717-8f9e-4dcb-92fc-b626bd8b3ecc,uploads_files_2678263_Office_Plant.glb,2.207032,optimized,2,4.89,41.6,36.71,2207032,2025-09-03T12:03:45.190962,1-5MB
d759e717-8f9e-4dcb-92fc-b626bd8b3ecc,uploads_files_2678263_Office_Plant.glb,2.207032,optimized,7,6.56,31.59,25.02,2207032,2025-09-03T12:03:45.192084,1-5MB
d759e717-8f9e-4dcb-92fc-b626bd8b3ecc,uploads_files_2678263_Office_Plant.glb,2.207032,optimized,1,4.38,43.14,38.76,2207032,2025-09-03T12:03:45.192084,1-5MB
d759e717-8f9e-4dcb-92fc-b626bd8b3ecc,uploads_files_2678263_Office_Plant.glb,2.207032,optimized,6,4.29,35.88,31.58,2207032,2025-09-03T12:03:45.192664,1-5MB
d759e717-8f9e-4dcb-92fc-b626bd8b3ecc,uploads_files_2678263_Office_Plant.glb,2.207032,optimized,9,4.52,29.26,24.73,2207032,2025-09-03T12:03:45.193776,1-5MB
a8412aa6-f039-4c88-a053-007f2399efc3,uploads-files-5013424-Maple1_MZRT.glb,4.050504,optimized,5,5.12,50.98,45.86,4050504,2025-09-03T12:03:45.251455,1-5MB
a8412aa6-f039-4c88-a053-007f2399efc3,uploads-files-5013424-Maple1_MZRT.glb,4.050504,optimized,4,7.85,53.92,46.07,4050504,2025-09-03T12:03:45.252468,1-5MB
a8412aa6-f039-4c88-a053-007f2399efc3,uploads-files-5013424-Maple1_MZRT.glb,4.050504,optimized,6,9.0,51.01,42.01,4050504,2025-09-03T12:03:45.253467,1-5MB
a8412aa6-f039-4c88-a053-007f2399efc3,uploads-files-5013424-Maple1_MZRT.glb,4.050504,optimized,2,3.45,59.59,56.15,4050504,2025-09-03T12:03:45.255461,1-5MB
a8412aa6-f039-4c88-a053-007f2399efc3,uploads-files-5013424-Maple1_MZRT.glb,4.050504,optimized,9,7.57,48.6,41.03,4050504,2025-09-03T12:03:45.257468,1-5MB
a8412aa6-f039-4c88-a053-007f2399efc3,uploads-files-5013424-Maple1_MZRT.glb,4.050504,optimized,0,5.74,62.81,57.07,4050504,2025-09-03T12:03:45.257468,1-5MB
a8412aa6-f039-4c88-a053-007f2399efc3,uploads-files-5013424-Maple1_MZRT.glb,4.050504,optimized,8,5.63,51.63,46.0,4050504,2025-09-03T12:03:45.257468,1-5MB
a8412aa6-f039-4c88-a053-007f2399efc3,uploads-files-5013424-Maple1_MZRT.glb,4.050504,optimized,3,4.67,60.32,55.65,4050504,2025-09-03T12:03:45.258482,1-5MB
a8412aa6-f039-4c88-a053-007f2399efc3,uploads-files-5013424-Maple1_MZRT.glb,4.050504,optimized,1,6.48,64.03,57.56,4050504,2025-09-03T12:03:45.259475,1-5MB
a8412aa6-f039-4c88-a053-007f2399efc3,uploads-files-5013424-Maple1_MZRT.glb,4.050504,optimized,7,6.8,57.2,50.4,4050504,2025-09-03T12:03:45.261474,1-5MB
197dda53-cd56-4367-9267-e690ce98f44e,uploads_files_4529391_3D+Isometric+BEDROOM.glb,5.25404,optimized,4,6.97,49.9,42.92,5254040,2025-09-03T12:03:45.315294,5-10MB
197dda53-cd56-4367-9267-e690ce98f44e,uploads_files_4529391_3D+Isometric+BEDROOM.glb,5.25404,optimized,2,7.39,55.83,48.44,5254040,2025-09-03T12:03:45.319293,5-10MB
197dda53-cd56-4367-9267-e690ce98f44e,uploads_files_4529391_3D+Isometric+BEDROOM.glb,5.25404,optimized,3,4.33,63.57,59.24,5254040,2025-09-03T12:03:45.327981,5-10MB
197dda53-cd56-4367-9267-e690ce98f44e,uploads_files_4529391_3D+Isometric+BEDROOM.glb,5.25404,optimized,1,6.53,65.55,59.02,5254040,2025-09-03T12:03:45.328992,5-10MB
197dda53-cd56-4367-9267-e690ce98f44e,uploads_files_4529391_3D+Isometric+BEDROOM.glb,5.25404,optimized,0,4.81,67.27,62.47,5254040,2025-09-03T12:03:45.329988,5-10MB
197dda53-cd56-4367-9267-e690ce98f44e,uploads_files_4529391_3D+Isometric+BEDROOM.glb,5.25404,optimized,8,3.69,55.86,52.17,5254040,2025-09-03T12:03:45.329988,5-10MB
197dda53-cd56-4367-9267-e690ce98f44e,uploads_files_4529391_3D+Isometric+BEDROOM.glb,5.25404,optimized,6,5.45,60.7,55.25,5254040,2025-09-03T12:03:45.330991,5-10MB
197dda53-cd56-4367-9267-e690ce98f44e,uploads_files_4529391_3D+Isometric+BEDROOM.glb,5.25404,optimized,5,12.22,63.62,51.41,5254040,2025-09-03T12:03:45.330991,5-10MB
197dda53-cd56-4367-9267-e690ce98f44e,uploads_files_4529391_3D+Isometric+BEDROOM.glb,5.25404,optimized,9,5.58,56.26,50.68,5254040,2025-09-03T12:03:45.331986,5-10MB
197dda53-cd56-4367-9267-e690ce98f44e,uploads_files_4529391_3D+Isometric+BEDROOM.glb,5.25404,optimized,7,6.93,60.21,53.28,5254040,2025-09-03T12:03:45.333985,5-10MB
c4ba636b-dd40-466a-8707-f2e85c27e866,uploads_files_4741956_shoe+exp.glb,7.508156,optimized,8,3.85,78.45,74.6,7508156,2025-09-03T12:03:45.426905,5-10MB
c4ba636b-dd40-466a-8707-f2e85c27e866,uploads_files_4741956_shoe+exp.glb,7.508156,optimized,6,9.51,84.62,75.11,7508156,2025-09-03T12:03:45.429032,5-10MB
c4ba636b-dd40-466a-8707-f2e85c27e866,uploads_files_4741956_shoe+exp.glb,7.508156,optimized,5,6.36,87.38,81.03,7508156,2025-09-03T12:03:45.430026,5-10MB
c4ba636b-dd40-466a-8707-f2e85c27e866,uploads_files_4741956_shoe+exp.glb,7.508156,optimized,0,4.14,94.58,90.45,7508156,2025-09-03T12:03:45.430026,5-10MB
c4ba636b-dd40-466a-8707-f2e85c27e866,uploads_files_4741956_shoe+exp.glb,7.508156,optimized,1,6.27,96.02,89.75,7508156,2025-09-03T12:03:45.432035,5-10MB
c4ba636b-dd40-466a-8707-f2e85c27e866,uploads_files_4741956_shoe+exp.glb,7.508156,optimized,9,4.27,84.05,79.78,7508156,2025-09-03T12:03:45.433032,5-10MB
c4ba636b-dd40-466a-8707-f2e85c27e866,uploads_files_4741956_shoe+exp.glb,7.508156,optimized,4,7.63,94.95,87.33,7508156,2025-09-03T12:03:45.434035,5-10MB
c4ba636b-dd40-466a-8707-f2e85c27e866,uploads_files_4741956_shoe+exp.glb,7.508156,optimized,7,6.58,89.79,83.21,7508156,2025-09-03T12:03:45.435034,5-10MB
c4ba636b-dd40-466a-8707-f2e85c27e866,uploads_files_4741956_shoe+exp.glb,7.508156,optimized,3,3.45,99.23,95.79,7508156,2025-09-03T12:03:45.437196,5-10MB
c4ba636b-dd40-466a-8707-f2e85c27e866,uploads_files_4741956_shoe+exp.glb,7.508156,optimized,2,3.81,102.76,98.94,7508156,2025-09-03T12:03:45.439244,5-10MB
d418d47b-157f-4d64-a3ec-7c8761aae101,uploads_files_5742088_The_object_resembles__1228234205_texture.glb,7.590816,optimized,2,3.13,90.5,87.36,7590816,2025-09-03T12:03:45.534194,5-10MB
d418d47b-157f-4d64-a3ec-7c8761aae101,uploads_files_5742088_The_object_resembles__1228234205_texture.glb,7.590816,optimized,7,8.09,89.31,81.23,7590816,2025-09-03T12:03:45.541754,5-10MB
d418d47b-157f-4d64-a3ec-7c8761aae101,uploads_files_5742088_The_object_resembles__1228234205_texture.glb,7.590816,optimized,1,8.05,101.44,93.39,7590816,2025-09-03T12:03:45.543760,5-10MB
d418d47b-157f-4d64-a3ec-7c8761aae101,uploads_files_5742088_The_object_resembles__1228234205_texture.glb,7.590816,optimized,8,7.94,89.07,81.13,7590816,2025-09-03T12:03:45.543760,5-10MB
d418d47b-157f-4d64-a3ec-7c8761aae101,uploads_files_5742088_The_object_resembles__1228234205_texture.glb,7.590816,optimized,5,8.47,97.8,89.33,7590816,2025-09-03T12:03:45.545752,5-10MB
d418d47b-157f-4d64-a3ec-7c8761aae101,uploads_files_5742088_The_object_resembles__1228234205_texture.glb,7.590816,optimized,4,9.03,100.44,91.41,7590816,2025-09-03T12:03:45.546758,5-10MB
d418d47b-157f-4d64-a3ec-7c8761aae101,uploads_files_5742088_The_object_resembles__1228234205_texture.glb,7.590816,optimized,3,7.83,102.31,94.49,7590816,2025-09-03T12:03:45.546758,5-10MB
d418d47b-157f-4d64-a3ec-7c8761aae101,uploads_files_5742088_The_object_resembles__1228234205_texture.glb,7.590816,optimized,0,5.94,105.17,99.23,7590816,2025-09-03T12:03:45.546758,5-10MB
d418d47b-157f-4d64-a3ec-7c8761aae101,uploads_files_5742088_The_object_resembles__1228234205_texture.glb,7.590816,optimized,6,8.34,99.68,91.34,7590816,2025-09-03T12:03:45.549751,5-10MB
d418d47b-157f-4d64-a3ec-7c8761aae101,uploads_files_5742088_The_object_resembles__1228234205_texture.glb,7.590816,optimized,9,3.81,93.16,89.35,7590816,2025-09-03T12:03:45.551758,5-10MB
a579c4cb-cfe8-4bae-abf3-778e90ea0ddc,sodlier.glb,7.593644,optimized,3,4.9,90.91,86.01,7593644,2025-09-03T12:03:45.648573,5-10MB
a579c4cb-cfe8-4bae-abf3-778e90ea0ddc,sodlier.glb,7.593644,optimized,5,6.15,87.25,81.1,7593644,2025-09-03T12:03:45.649573,5-10MB
a579c4cb-cfe8-4bae-abf3-778e90ea0ddc,sodlier.glb,7.593644,optimized,2,5.91,93.89,87.98,7593644,2025-09-03T12:03:45.649573,5-10MB
a579c4cb-cfe8-4bae-abf3-778e90ea0ddc,sodlier.glb,7.593644,optimized,0,4.34,99.41,95.08,7593644,2025-09-03T12:03:45.653572,5-10MB
a579c4cb-cfe8-4bae-abf3-778e90ea0ddc,sodlier.glb,7.593644,optimized,6,5.31,89.92,84.61,7593644,2025-09-03T12:03:45.654570,5-10MB
a579c4cb-cfe8-4bae-abf3-778e90ea0ddc,sodlier.glb,7.593644,optimized,7,7.53,88.76,81.22,7593644,2025-09-03T12:03:45.654570,5-10MB
a579c4cb-cfe8-4bae-abf3-778e90ea0ddc,sodlier.glb,7.593644,optimized,4,4.99,96.29,91.29,7593644,2025-09-03T12:03:45.655575,5-10MB
a579c4cb-cfe8-4bae-abf3-778e90ea0ddc,sodlier.glb,7.593644,optimized,9,4.04,85.5,81.46,7593644,2025-09-03T12:03:45.656569,5-10MB
a579c4cb-cfe8-4bae-abf3-778e90ea0ddc,sodlier.glb,7.593644,optimized,1,4.7,103.48,98.78,7593644,2025-09-03T12:03:45.658567,5-10MB
a579c4cb-cfe8-4bae-abf3-778e90ea0ddc,sodlier.glb,7.593644,optimized,8,5.83,93.31,87.48,7593644,2025-09-03T12:03:45.661567,5-10MB
2ef983cb-461b-4123-85dd-d57802fa69e4,uploads_files_983028_Simple.glb,7.828704,optimized,1,3.71,94.66,90.95,7828704,2025-09-03T12:03:45.759280,5-10MB
2ef983cb-461b-4123-85dd-d57802fa69e4,uploads_files_983028_Simple.glb,7.828704,optimized,6,10.4,89.25,78.86,7828704,2025-09-03T12:03:45.761556,5-10MB
2ef983cb-461b-4123-85dd-d57802fa69e4,uploads_files_983028_Simple.glb,7.828704,optimized,9,5.22,83.64,78.42,7828704,2025-09-03T12:03:45.761556,5-10MB
2ef983cb-461b-4123-85dd-d57802fa69e4,uploads_files_983028_Simple.glb,7.828704,optimized,3,6.24,95.25,89.02,7828704,2025-09-03T12:03:45.761556,5-10MB
2ef983cb-461b-4123-85dd-d57802fa69e4,uploads_files_983028_Simple.glb,7.828704,optimized,7,6.91,90.93,84.01,7828704,2025-09-03T12:03:45.763568,5-10MB
2ef983cb-461b-4123-85dd-d57802fa69e4,uploads_files_983028_Simple.glb,7.828704,optimized,2,7.77,98.74,90.97,7828704,2025-09-03T12:03:45.765079,5-10MB
2ef983cb-461b-4123-85dd-d57802fa69e4,uploads_files_983028_Simple.glb,7.828704,optimized,0,4.97,101.4,96.42,7828704,2025-09-03T12:03:45.766092,5-10MB
2ef983cb-461b-4123-85dd-d57802fa69e4,uploads_files_983028_Simple.glb,7.828704,optimized,4,8.95,98.27,89.32,7828704,2025-09-03T12:03:45.766092,5-10MB
2ef983cb-461b-4123-85dd-d57802fa69e4,uploads_files_983028_Simple.glb,7.828704,optimized,8,8.87,92.83,83.95,7828704,2025-09-03T12:03:45.768088,5-10MB
2ef983cb-461b-4123-85dd-d57802fa69e4,uploads_files_983028_Simple.glb,7.828704,optimized,5,7.44,100.29,92.85,7828704,2025-09-03T12:03:45.771116,5-10MB
053feef8-ce47-4762-b431-cb500bee3a5b,uploads_files_5230575_Basketballk.glb,8.543268,optimized,4,5.36,94.68,89.32,8543268,2025-09-03T12:03:45.871969,5-10MB
053feef8-ce47-4762-b431-cb500bee3a5b,uploads_files_5230575_Basketballk.glb,8.543268,optimized,8,5.18,88.5,83.31,8543268,2025-09-03T12:03:45.874150,5-10MB
053feef8-ce47-4762-b431-cb500bee3a5b,uploads_files_5230575_Basketballk.glb,8.543268,optimized,0,4.56,101.33,96.77,8543268,2025-09-03T12:03:45.875142,5-10MB
053feef8-ce47-4762-b431-cb500bee3a5b,uploads_files_5230575_Basketballk.glb,8.543268,optimized,3,5.33,102.13,96.81,8543268,2025-09-03T12:03:45.878149,5-10MB
053feef8-ce47-4762-b431-cb500bee3a5b,uploads_files_5230575_Basketballk.glb,8.543268,optimized,2,6.22,104.4,98.18,8543268,2025-09-03T12:03:45.880149,5-10MB
053feef8-ce47-4762-b431-cb500bee3a5b,uploads_files_5230575_Basketballk.glb,8.543268,optimized,5,5.4,100.4,95.0,8543268,2025-09-03T12:03:45.880149,5-10MB
053feef8-ce47-4762-b431-cb500bee3a5b,uploads_files_5230575_Basketballk.glb,8.543268,optimized,9,5.26,91.77,86.51,8543268,2025-09-03T12:03:45.881147,5-10MB
053feef8-ce47-4762-b431-cb500bee3a5b,uploads_files_5230575_Basketballk.glb,8.543268,optimized,1,3.73,108.16,104.42,8543268,2025-09-03T12:03:45.882148,5-10MB
053feef8-ce47-4762-b431-cb500bee3a5b,uploads_files_5230575_Basketballk.glb,8.543268,optimized,7,6.4,101.38,94.98,8543268,2025-09-03T12:03:45.884147,5-10MB
053feef8-ce47-4762-b431-cb500bee3a5b,uploads_files_5230575_Basketballk.glb,8.543268,optimized,6,6.47,104.4,97.93,8543268,2025-09-03T12:03:45.887149,5-10MB
de81f919-c889-47b0-9b78-1d47131dca90,uploads-files-5573121-gbcs3_2.glb,9.469412,optimized,6,5.83,101.71,95.88,9469412,2025-09-03T12:03:46.000946,5-10MB
de81f919-c889-47b0-9b78-1d47131dca90,uploads-files-5573121-gbcs3_2.glb,9.469412,optimized,8,5.92,103.79,97.87,9469412,2025-09-03T12:03:46.008951,5-10MB
de81f919-c889-47b0-9b78-1d47131dca90,uploads-files-5573121-gbcs3_2.glb,9.469412,optimized,1,4.21,119.51,115.29,9469412,2025-09-03T12:03:46.009951,5-10MB
de81f919-c889-47b0-9b78-1d47131dca90,uploads-files-5573121-gbcs3_2.glb,9.469412,optimized,2,6.77,119.06,112.29,9469412,2025-09-03T12:03:46.010950,5-10MB
de81f919-c889-47b0-9b78-1d47131dca90,uploads-files-5573121-gbcs3_2.glb,9.469412,optimized,0,4.03,121.74,117.71,9469412,2025-09-03T12:03:46.010950,5-10MB
de81f919-c889-47b0-9b78-1d47131dca90,uploads-files-5573121-gbcs3_2.glb,9.469412,optimized,3,4.11,119.21,115.11,9469412,2025-09-03T12:03:46.011950,5-10MB
de81f919-c889-47b0-9b78-1d47131dca90,uploads-files-5573121-gbcs3_2.glb,9.469412,optimized,9,4.93,105.51,100.58,9469412,2025-09-03T12:03:46.012949,5-10MB
de81f919-c889-47b0-9b78-1d47131dca90,uploads-files-5573121-gbcs3_2.glb,9.469412,optimized,4,6.78,118.42,111.64,9469412,2025-09-03T12:03:46.012949,5-10MB
de81f919-c889-47b0-9b78-1d47131dca90,uploads-files-5573121-gbcs3_2.glb,9.469412,optimized,5,6.65,119.52,112.87,9469412,2025-09-03T12:03:46.014950,5-10MB
de81f919-c889-47b0-9b78-1d47131dca90,uploads-files-5573121-gbcs3_2.glb,9.469412,optimized,7,4.23,118.19,113.97,9469412,2025-09-03T12:03:46.018082,5-10MB
1f989abd-c52d-4841-bd93-4df29f64406f,uploads_files_5855554_house_ivy_(GLB).glb,9.505484,optimized,0,6.48,116.58,110.1,9505484,2025-09-03T12:03:46.137717,5-10MB
1f989abd-c52d-4841-bd93-4df29f64406f,uploads_files_5855554_house_ivy_(GLB).glb,9.505484,optimized,8,5.75,104.32,98.57,9505484,2025-09-03T12:03:46.140729,5-10MB
1f989abd-c52d-4841-bd93-4df29f64406f,uploads_files_5855554_house_ivy_(GLB).glb,9.505484,optimized,6,2.62,109.3,106.68,9505484,2025-09-03T12:03:46.140729,5-10MB
1f989abd-c52d-4841-bd93-4df29f64406f,uploads_files_5855554_house_ivy_(GLB).glb,9.505484,optimized,9,5.22,103.05,97.83,9505484,2025-09-03T12:03:46.141728,5-10MB
1f989abd-c52d-4841-bd93-4df29f64406f,uploads_files_5855554_house_ivy_(GLB).glb,9.505484,optimized,1,3.97,120.48,116.51,9505484,2025-09-03T12:03:46.141728,5-10MB
1f989abd-c52d-4841-bd93-4df29f64406f,uploads_files_5855554_house_ivy_(GLB).glb,9.505484,optimized,7,6.69,108.47,101.78,9505484,2025-09-03T12:03:46.142728,5-10MB
1f989abd-c52d-4841-bd93-4df29f64406f,uploads_files_5855554_house_ivy_(GLB).glb,9.505484,optimized,5,8.56,114.29,105.73,9505484,2025-09-03T12:03:46.143728,5-10MB
1f989abd-c52d-4841-bd93-4df29f64406f,uploads_files_5855554_house_ivy_(GLB).glb,9.505484,optimized,4,10.96,118.01,107.05,9505484,2025-09-03T12:03:46.143728,5-10MB
1f989abd-c52d-4841-bd93-4df29f64406f,uploads_files_5855554_house_ivy_(GLB).glb,9.505484,optimized,2,6.51,123.36,116.85,9505484,2025-09-03T12:03:46.146729,5-10MB
1f989abd-c52d-4841-bd93-4df29f64406f,uploads_files_5855554_house_ivy_(GLB).glb,9.505484,optimized,3,6.48,126.53,120.05,9505484,2025-09-03T12:03:46.149759,5-10MB
a04e274f-4bbf-4ae9-b33b-a7c06bcec1ac,uploads_files_6342160_Sand+Castle.glb,11.21324,optimized,5,4.88,129.16,124.28,11213240,2025-09-03T12:03:46.288354,>10MB
a04e274f-4bbf-4ae9-b33b-a7c06bcec1ac,uploads_files_6342160_Sand+Castle.glb,11.21324,optimized,4,5.66,132.0,126.34,11213240,2025-09-03T12:03:46.289359,>10MB
a04e274f-4bbf-4ae9-b33b-a7c06bcec1ac,uploads_files_6342160_Sand+Castle.glb,11.21324,optimized,2,4.52,137.79,133.27,11213240,2025-09-03T12:03:46.293360,>10MB
a04e274f-4bbf-4ae9-b33b-a7c06bcec1ac,uploads_files_6342160_Sand+Castle.glb,11.21324,optimized,3,6.36,138.38,132.02,11213240,2025-09-03T12:03:46.294360,>10MB
a04e274f-4bbf-4ae9-b33b-a7c06bcec1ac,uploads_files_6342160_Sand+Castle.glb,11.21324,optimized,9,3.71,126.27,122.57,11213240,2025-09-03T12:03:46.295354,>10MB
a04e274f-4bbf-4ae9-b33b-a7c06bcec1ac,uploads_files_6342160_Sand+Castle.glb,11.21324,optimized,0,5.91,143.82,137.91,11213240,2025-09-03T12:03:46.297361,>10MB
a04e274f-4bbf-4ae9-b33b-a7c06bcec1ac,uploads_files_6342160_Sand+Castle.glb,11.21324,optimized,1,3.15,144.7,141.54,11213240,2025-09-03T12:03:46.298359,>10MB
a04e274f-4bbf-4ae9-b33b-a7c06bcec1ac,uploads_files_6342160_Sand+Castle.glb,11.21324,optimized,8,7.03,133.95,126.91,11213240,2025-09-03T12:03:46.301354,>10MB
a04e274f-4bbf-4ae9-b33b-a7c06bcec1ac,uploads_files_6342160_Sand+Castle.glb,11.21324,optimized,7,6.79,139.15,132.36,11213240,2025-09-03T12:03:46.305361,>10MB
a04e274f-4bbf-4ae9-b33b-a7c06bcec1ac,uploads_files_6342160_Sand+Castle.glb,11.21324,optimized,6,9.78,146.72,136.94,11213240,2025-09-03T12:03:46.308390,>10MB
b03c31e3-3d42-42bf-95e1-e55104170ce9,Wire_Fence.glb,13.246,optimized,2,6.79,150.97,144.18,13246000,2025-09-03T12:03:46.464812,>10MB
b03c31e3-3d42-42bf-95e1-e55104170ce9,Wire_Fence.glb,13.246,optimized,1,3.18,158.34,155.16,13246000,2025-09-03T12:03:46.470811,>10MB
b03c31e3-3d42-42bf-95e1-e55104170ce9,Wire_Fence.glb,13.246,optimized,6,7.98,150.74,142.77,13246000,2025-09-03T12:03:46.471811,>10MB
b03c31e3-3d42-42bf-95e1-e55104170ce9,Wire_Fence.glb,13.246,optimized,0,3.93,161.49,157.55,13246000,2025-09-03T12:03:46.473323,>10MB
b03c31e3-3d42-42bf-95e1-e55104170ce9,Wire_Fence.glb,13.246,optimized,7,4.84,151.92,147.09,13246000,2025-09-03T12:03:46.474337,>10MB
b03c31e3-3d42-42bf-95e1-e55104170ce9,Wire_Fence.glb,13.246,optimized,8,6.1,151.77,145.66,13246000,2025-09-03T12:03:46.476339,>10MB
b03c31e3-3d42-42bf-95e1-e55104170ce9,Wire_Fence.glb,13.246,optimized,5,8.9,159.29,150.39,13246000,2025-09-03T12:03:46.478335,>10MB
b03c31e3-3d42-42bf-95e1-e55104170ce9,Wire_Fence.glb,13.246,optimized,9,7.44,150.34,142.9,13246000,2025-09-03T12:03:46.479332,>10MB
b03c31e3-3d42-42bf-95e1-e55104170ce9,Wire_Fence.glb,13.246,optimized,3,14.02,168.01,153.99,13246000,2025-09-03T12:03:46.482365,>10MB
b03c31e3-3d42-42bf-95e1-e55104170ce9,Wire_Fence.glb,13.246,optimized,4,5.49,170.04,164.56,13246000,2025-09-03T12:03:46.486335,>10MB
9e5e8a6e-9826-4618-85cb-e2b624591dfe,uploads_files_5258920_Football.glb,13.385432,optimized,0,8.1,161.63,153.53,13385432,2025-09-03T12:03:46.651557,>10MB
9e5e8a6e-9826-4618-85cb-e2b624591dfe,uploads_files_5258920_Football.glb,13.385432,optimized,1,5.21,161.36,156.15,13385432,2025-09-03T12:03:46.652558,>10MB
9e5e8a6e-9826-4618-85cb-e2b624591dfe,uploads_files_5258920_Football.glb,13.385432,optimized,2,4.16,161.32,157.16,13385432,2025-09-03T12:03:46.652558,>10MB
9e5e8a6e-9826-4618-85cb-e2b624591dfe,uploads_files_5258920_Football.glb,13.385432,optimized,7,5.99,152.06,146.07,13385432,2025-09-03T12:03:46.653557,>10MB
9e5e8a6e-9826-4618-85cb-e2b624591dfe,uploads_files_5258920_Football.glb,13.385432,optimized,5,3.87,158.22,154.35,13385432,2025-09-03T12:03:46.655560,>10MB
9e5e8a6e-9826-4618-85cb-e2b624591dfe,uploads_files_5258920_Football.glb,13.385432,optimized,6,5.85,158.13,152.27,13385432,2025-09-03T12:03:46.657557,>10MB
9e5e8a6e-9826-4618-85cb-e2b624591dfe,uploads_files_5258920_Football.glb,13.385432,optimized,3,11.31,165.02,153.71,13385432,2025-09-03T12:03:46.658558,>10MB
9e5e8a6e-9826-4618-85cb-e2b624591dfe,uploads_files_5258920_Football.glb,13.385432,optimized,4,7.7,168.39,160.69,13385432,2025-09-03T12:03:46.662570,>10MB
9e5e8a6e-9826-4618-85cb-e2b624591dfe,uploads_files_5258920_Football.glb,13.385432,optimized,8,7.81,162.19,154.38,13385432,2025-09-03T12:03:46.666605,>10MB
9e5e8a6e-9826-4618-85cb-e2b624591dfe,uploads_files_5258920_Football.glb,13.385432,optimized,9,5.27,163.58,158.31,13385432,2025-09-03T12:03:46.670567,>10MB
6dd6e0c0-1aa9-4209-8301-3dca83ca6a29,uploads-files-6107920-Kids_Slide.glb,14.331172,optimized,4,5.49,157.82,152.33,14331172,2025-09-03T12:03:46.836038,>10MB
6dd6e0c0-1aa9-4209-8301-3dca83ca6a29,uploads-files-6107920-Kids_Slide.glb,14.331172,optimized,5,4.26,164.33,160.07,14331172,2025-09-03T12:03:46.848037,>10MB
6dd6e0c0-1aa9-4209-8301-3dca83ca6a29,uploads-files-6107920-Kids_Slide.glb,14.331172,optimized,6,3.43,162.25,158.82,14331172,2025-09-03T12:03:46.848037,>10MB
6dd6e0c0-1aa9-4209-8301-3dca83ca6a29,uploads-files-6107920-Kids_Slide.glb,14.331172,optimized,1,4.34,175.13,170.78,14331172,2025-09-03T12:03:46.850038,>10MB
6dd6e0c0-1aa9-4209-8301-3dca83ca6a29,uploads-files-6107920-Kids_Slide.glb,14.331172,optimized,3,6.12,176.65,170.53,14331172,2025-09-03T12:03:46.853038,>10MB
6dd6e0c0-1aa9-4209-8301-3dca83ca6a29,uploads-files-6107920-Kids_Slide.glb,14.331172,optimized,9,5.3,161.0,155.71,14331172,2025-09-03T12:03:46.854045,>10MB
6dd6e0c0-1aa9-4209-8301-3dca83ca6a29,uploads-files-6107920-Kids_Slide.glb,14.331172,optimized,2,7.17,179.67,172.5,14331172,2025-09-03T12:03:46.856040,>10MB
6dd6e0c0-1aa9-4209-8301-3dca83ca6a29,uploads-files-6107920-Kids_Slide.glb,14.331172,optimized,0,3.93,182.14,178.2,14331172,2025-09-03T12:03:46.856040,>10MB
6dd6e0c0-1aa9-4209-8301-3dca83ca6a29,uploads-files-6107920-Kids_Slide.glb,14.331172,optimized,8,5.69,169.98,164.29,14331172,2025-09-03T12:03:46.861046,>10MB
6dd6e0c0-1aa9-4209-8301-3dca83ca6a29,uploads-files-6107920-Kids_Slide.glb,14.331172,optimized,7,7.42,176.28,168.85,14331172,2025-09-03T12:03:46.866044,>10MB
473cb7b8-d52c-4b88-b78c-ce52c25bbb5e,uploads-files-6244860-Exterior_Table.glb,16.47714,optimized,9,5.48,149.54,144.06,16477140,2025-09-03T12:03:47.036441,>10MB
473cb7b8-d52c-4b88-b78c-ce52c25bbb5e,uploads-files-6244860-Exterior_Table.glb,16.47714,optimized,8,9.31,184.38,175.07,16477140,2025-09-03T12:03:47.069816,>10MB
473cb7b8-d52c-4b88-b78c-ce52c25bbb5e,uploads-files-6244860-Exterior_Table.glb,16.47714,optimized,0,3.78,201.1,197.32,16477140,2025-09-03T12:03:47.071816,>10MB
473cb7b8-d52c-4b88-b78c-ce52c25bbb5e,uploads-files-6244860-Exterior_Table.glb,16.47714,optimized,3,7.61,206.07,198.46,16477140,2025-09-03T12:03:47.079907,>10MB
473cb7b8-d52c-4b88-b78c-ce52c25bbb5e,uploads-files-6244860-Exterior_Table.glb,16.47714,optimized,6,9.25,200.13,190.87,16477140,2025-09-03T12:03:47.080906,>10MB
473cb7b8-d52c-4b88-b78c-ce52c25bbb5e,uploads-files-6244860-Exterior_Table.glb,16.47714,optimized,2,5.75,207.49,201.74,16477140,2025-09-03T12:03:47.080906,>10MB
473cb7b8-d52c-4b88-b78c-ce52c25bbb5e,uploads-files-6244860-Exterior_Table.glb,16.47714,optimized,4,8.57,205.54,196.97,16477140,2025-09-03T12:03:47.081910,>10MB
473cb7b8-d52c-4b88-b78c-ce52c25bbb5e,uploads-files-6244860-Exterior_Table.glb,16.47714,optimized,1,3.55,210.15,206.6,16477140,2025-09-03T12:03:47.082907,>10MB
473cb7b8-d52c-4b88-b78c-ce52c25bbb5e,uploads-files-6244860-Exterior_Table.glb,16.47714,optimized,5,5.97,210.37,204.4,16477140,2025-09-03T12:03:47.088123,>10MB
473cb7b8-d52c-4b88-b78c-ce52c25bbb5e,uploads-files-6244860-Exterior_Table.glb,16.47714,optimized,7,10.18,210.53,200.35,16477140,2025-09-03T12:03:47.093484,>10MB
96e219eb-d94d-4f70-aea6-249ddfbf1e0b,uploads_files_2790453___3+seater+chair.glb,1.179968,unoptimized,3,7.51,25.58,18.08,1179968,2025-09-03T12:03:52.131045,1-5MB
96e219eb-d94d-4f70-aea6-249ddfbf1e0b,uploads_files_2790453___3+seater+chair.glb,1.179968,unoptimized,1,6.67,31.68,25.02,1179968,2025-09-03T12:03:52.135046,1-5MB
96e219eb-d94d-4f70-aea6-249ddfbf1e0b,uploads_files_2790453___3+seater+chair.glb,1.179968,unoptimized,0,7.83,33.01,25.18,1179968,2025-09-03T12:03:52.135948,1-5MB
96e219eb-d94d-4f70-aea6-249ddfbf1e0b,uploads_files_2790453___3+seater+chair.glb,1.179968,unoptimized,5,10.52,28.21,17.69,1179968,2025-09-03T12:03:52.136589,1-5MB
96e219eb-d94d-4f70-aea6-249ddfbf1e0b,uploads_files_2790453___3+seater+chair.glb,1.179968,unoptimized,4,8.61,29.42,20.81,1179968,2025-09-03T12:03:52.136589,1-5MB
96e219eb-d94d-4f70-aea6-249ddfbf1e0b,uploads_files_2790453___3+seater+chair.glb,1.179968,unoptimized,8,10.23,21.76,11.53,1179968,2025-09-03T12:03:52.137135,1-5MB
96e219eb-d94d-4f70-aea6-249ddfbf1e0b,uploads_files_2790453___3+seater+chair.glb,1.179968,unoptimized,7,8.04,24.48,16.43,1179968,2025-09-03T12:03:52.137135,1-5MB
96e219eb-d94d-4f70-aea6-249ddfbf1e0b,uploads_files_2790453___3+seater+chair.glb,1.179968,unoptimized,2,7.43,33.09,25.66,1179968,2025-09-03T12:03:52.137135,1-5MB
96e219eb-d94d-4f70-aea6-249ddfbf1e0b,uploads_files_2790453___3+seater+chair.glb,1.179968,unoptimized,9,9.26,17.13,7.87,1179968,2025-09-03T12:03:52.138139,1-5MB
96e219eb-d94d-4f70-aea6-249ddfbf1e0b,uploads_files_2790453___3+seater+chair.glb,1.179968,unoptimized,6,14.22,28.01,13.79,1179968,2025-09-03T12:03:52.138139,1-5MB
1402e1a8-64a9-45be-bf81-73fdd1db99f9,uploads-files-4255229-Tree_v1_001.glb,1.327608,unoptimized,6,14.21,25.6,11.38,1327608,2025-09-03T12:03:52.169951,1-5MB
1402e1a8-64a9-45be-bf81-73fdd1db99f9,uploads-files-4255229-Tree_v1_001.glb,1.327608,unoptimized,1,11.27,30.76,19.49,1327608,2025-09-03T12:03:52.169951,1-5MB
1402e1a8-64a9-45be-bf81-73fdd1db99f9,uploads-files-4255229-Tree_v1_001.glb,1.327608,unoptimized,7,10.11,23.43,13.32,1327608,2025-09-03T12:03:52.170952,1-5MB
1402e1a8-64a9-45be-bf81-73fdd1db99f9,uploads-files-4255229-Tree_v1_001.glb,1.327608,unoptimized,0,8.94,31.72,22.78,1327608,2025-09-03T12:03:52.170952,1-5MB
1402e1a8-64a9-45be-bf81-73fdd1db99f9,uploads-files-4255229-Tree_v1_001.glb,1.327608,unoptimized,3,8.77,29.14,20.38,1327608,2025-09-03T12:03:52.170952,1-5MB
1402e1a8-64a9-45be-bf81-73fdd1db99f9,uploads-files-4255229-Tree_v1_001.glb,1.327608,unoptimized,4,11.69,28.7,17.01,1327608,2025-09-03T12:03:52.171424,1-5MB
1402e1a8-64a9-45be-bf81-73fdd1db99f9,uploads-files-4255229-Tree_v1_001.glb,1.327608,unoptimized,8,8.83,20.13,11.3,1327608,2025-09-03T12:03:52.171928,1-5MB
1402e1a8-64a9-45be-bf81-73fdd1db99f9,uploads-files-4255229-Tree_v1_001.glb,1.327608,unoptimized,2,9.1,31.58,22.48,1327608,2025-09-03T12:03:52.171928,1-5MB
1402e1a8-64a9-45be-bf81-73fdd1db99f9,uploads-files-4255229-Tree_v1_001.glb,1.327608,unoptimized,5,10.38,28.78,18.4,1327608,2025-09-03T12:03:52.172447,1-5MB
1402e1a8-64a9-45be-bf81-73fdd1db99f9,uploads-files-4255229-Tree_v1_001.glb,1.327608,unoptimized,9,9.22,26.51,17.29,1327608,2025-09-03T12:03:52.181480,1-5MB
78a476b1-12cd-4d69-997d-897ef1ea4b66,swing.glb,1.409872,unoptimized,1,8.69,26.32,17.63,1409872,2025-09-03T12:03:52.209451,1-5MB
78a476b1-12cd-4d69-997d-897ef1ea4b66,swing.glb,1.409872,unoptimized,4,11.18,24.44,13.26,1409872,2025-09-03T12:03:52.209975,1-5MB
78a476b1-12cd-4d69-997d-897ef1ea4b66,swing.glb,1.409872,unoptimized,0,6.87,28.97,22.1,1409872,2025-09-03T12:03:52.211566,1-5MB
78a476b1-12cd-4d69-997d-897ef1ea4b66,swing.glb,1.409872,unoptimized,8,9.35,21.34,11.98,1409872,2025-09-03T12:03:52.212219,1-5MB
78a476b1-12cd-4d69-997d-897ef1ea4b66,swing.glb,1.409872,unoptimized,2,10.97,28.43,17.45,1409872,2025-09-03T12:03:52.212754,1-5MB
78a476b1-12cd-4d69-997d-897ef1ea4b66,swing.glb,1.409872,unoptimized,3,12.72,28.22,15.5,1409872,2025-09-03T12:03:52.213281,1-5MB
78a476b1-12cd-4d69-997d-897ef1ea4b66,swing.glb,1.409872,unoptimized,7,10.74,25.57,14.83,1409872,2025-09-03T12:03:52.214336,1-5MB
78a476b1-12cd-4d69-997d-897ef1ea4b66,swing.glb,1.409872,unoptimized,5,9.62,28.4,18.78,1409872,2025-09-03T12:03:52.214865,1-5MB
78a476b1-12cd-4d69-997d-897ef1ea4b66,swing.glb,1.409872,unoptimized,6,15.64,27.38,11.74,1409872,2025-09-03T12:03:52.215396,1-5MB
78a476b1-12cd-4d69-997d-897ef1ea4b66,swing.glb,1.409872,unoptimized,9,10.71,20.86,10.15,1409872,2025-09-03T12:03:52.215396,1-5MB
895cdacc-e5a1-4520-821a-73359a95ba67,peony_GLB.glb,1.515176,unoptimized,5,13.44,36.12,22.68,1515176,2025-09-03T12:03:52.257424,1-5MB
895cdacc-e5a1-4520-821a-73359a95ba67,peony_GLB.glb,1.515176,unoptimized,3,11.75,40.8,29.05,1515176,2025-09-03T12:03:52.259427,1-5MB
895cdacc-e5a1-4520-821a-73359a95ba67,peony_GLB.glb,1.515176,unoptimized,1,10.51,43.03,32.52,1515176,2025-09-03T12:03:52.259427,1-5MB
895cdacc-e5a1-4520-821a-73359a95ba67,peony_GLB.glb,1.515176,unoptimized,0,11.65,43.81,32.16,1515176,2025-09-03T12:03:52.260445,1-5MB
895cdacc-e5a1-4520-821a-73359a95ba67,peony_GLB.glb,1.515176,unoptimized,2,11.33,43.12,31.79,1515176,2025-09-03T12:03:52.260445,1-5MB
895cdacc-e5a1-4520-821a-73359a95ba67,peony_GLB.glb,1.515176,unoptimized,6,16.89,38.23,21.34,1515176,2025-09-03T12:03:52.260445,1-5MB
895cdacc-e5a1-4520-821a-73359a95ba67,peony_GLB.glb,1.515176,unoptimized,4,11.57,40.88,29.31,1515176,2025-09-03T12:03:52.261436,1-5MB
895cdacc-e5a1-4520-821a-73359a95ba67,peony_GLB.glb,1.515176,unoptimized,7,12.3,36.18,23.88,1515176,2025-09-03T12:03:52.262434,1-5MB
895cdacc-e5a1-4520-821a-73359a95ba67,peony_GLB.glb,1.515176,unoptimized,9,15.13,30.37,15.24,1515176,2025-09-03T12:03:52.263434,1-5MB
895cdacc-e5a1-4520-821a-73359a95ba67,peony_GLB.glb,1.515176,unoptimized,8,19.11,33.87,14.76,1515176,2025-09-03T12:03:52.263434,1-5MB
b25062a5-31ec-4bb6-87db-21786b59db36,uploads-files-4569088-untitled.glb,2.140196,unoptimized,1,12.62,46.34,33.72,2140196,2025-09-03T12:03:52.311195,1-5MB
b25062a5-31ec-4bb6-87db-21786b59db36,uploads-files-4569088-untitled.glb,2.140196,unoptimized,3,12.03,45.24,33.21,2140196,2025-09-03T12:03:52.312754,1-5MB
b25062a5-31ec-4bb6-87db-21786b59db36,uploads-files-4569088-untitled.glb,2.140196,unoptimized,7,16.56,39.58,23.02,2140196,2025-09-03T12:03:52.312754,1-5MB
b25062a5-31ec-4bb6-87db-21786b59db36,uploads-files-4569088-untitled.glb,2.140196,unoptimized,6,16.83,42.94,26.12,2140196,2025-09-03T12:03:52.313798,1-5MB
b25062a5-31ec-4bb6-87db-21786b59db36,uploads-files-4569088-untitled.glb,2.140196,unoptimized,2,10.75,48.18,37.43,2140196,2025-09-03T12:03:52.313798,1-5MB
b25062a5-31ec-4bb6-87db-21786b59db36,uploads-files-4569088-untitled.glb,2.140196,unoptimized,8,13.68,36.45,22.76,2140196,2025-09-03T12:03:52.314327,1-5MB
b25062a5-31ec-4bb6-87db-21786b59db36,uploads-files-4569088-untitled.glb,2.140196,unoptimized,0,13.55,49.8,36.24,2140196,2025-09-03T12:03:52.314327,1-5MB
b25062a5-31ec-4bb6-87db-21786b59db36,uploads-files-4569088-untitled.glb,2.140196,unoptimized,9,12.81,35.12,22.31,2140196,2025-09-03T12:03:52.314861,1-5MB
b25062a5-31ec-4bb6-87db-21786b59db36,uploads-files-4569088-untitled.glb,2.140196,unoptimized,4,18.19,46.73,28.53,2140196,2025-09-03T12:03:52.315389,1-5MB
b25062a5-31ec-4bb6-87db-21786b59db36,uploads-files-4569088-untitled.glb,2.140196,unoptimized,5,16.56,47.09,30.53,2140196,2025-09-03T12:03:52.316444,1-5MB
d759e717-8f9e-4dcb-92fc-b626bd8b3ecc,uploads_files_2678263_Office_Plant.glb,2.207032,unoptimized,2,13.48,42.96,29.48,2207032,2025-09-03T12:03:52.361362,1-5MB
d759e717-8f9e-4dcb-92fc-b626bd8b3ecc,uploads_files_2678263_Office_Plant.glb,2.207032,unoptimized,1,11.5,44.91,33.42,2207032,2025-09-03T12:03:52.362362,1-5MB
d759e717-8f9e-4dcb-92fc-b626bd8b3ecc,uploads_files_2678263_Office_Plant.glb,2.207032,unoptimized,0,9.1,46.32,37.22,2207032,2025-09-03T12:03:52.364361,1-5MB
d759e717-8f9e-4dcb-92fc-b626bd8b3ecc,uploads_files_2678263_Office_Plant.glb,2.207032,unoptimized,3,14.11,45.8,31.69,2207032,2025-09-03T12:03:52.365361,1-5MB
d759e717-8f9e-4dcb-92fc-b626bd8b3ecc,uploads_files_2678263_Office_Plant.glb,2.207032,unoptimized,7,21.25,42.43,21.18,2207032,2025-09-03T12:03:52.367486,1-5MB
d759e717-8f9e-4dcb-92fc-b626bd8b3ecc,uploads_files_2678263_Office_Plant.glb,2.207032,unoptimized,4,19.69,46.88,27.19,2207032,2025-09-03T12:03:52.367486,1-5MB
d759e717-8f9e-4dcb-92fc-b626bd8b3ecc,uploads_files_2678263_Office_Plant.glb,2.207032,unoptimized,8,14.33,36.58,22.24,2207032,2025-09-03T12:03:52.367486,1-5MB
d759e717-8f9e-4dcb-92fc-b626bd8b3ecc,uploads_files_2678263_Office_Plant.glb,2.207032,unoptimized,6,18.46,44.27,25.81,2207032,2025-09-03T12:03:52.367486,1-5MB
d759e717-8f9e-4dcb-92fc-b626bd8b3ecc,uploads_files_2678263_Office_Plant.glb,2.207032,unoptimized,5,22.28,45.7,23.43,2207032,2025-09-03T12:03:52.368326,1-5MB
d759e717-8f9e-4dcb-92fc-b626bd8b3ecc,uploads_files_2678263_Office_Plant.glb,2.207032,unoptimized,9,9.89,32.4,22.51,2207032,2025-09-03T12:03:52.368829,1-5MB
a8412aa6-f039-4c88-a053-007f2399efc3,uploads-files-5013424-Maple1_MZRT.glb,4.050504,unoptimized,0,9.42,68.39,58.97,4050504,2025-09-03T12:03:52.439065,1-5MB
a8412aa6-f039-4c88-a053-007f2399efc3,uploads-files-5013424-Maple1_MZRT.glb,4.050504,unoptimized,4,12.82,67.23,54.42,4050504,2025-09-03T12:03:52.441179,1-5MB
a8412aa6-f039-4c88-a053-007f2399efc3,uploads-files-5013424-Maple1_MZRT.glb,4.050504,unoptimized,2,10.21,71.95,61.74,4050504,2025-09-03T12:03:52.443180,1-5MB
a8412aa6-f039-4c88-a053-007f2399efc3,uploads-files-5013424-Maple1_MZRT.glb,4.050504,unoptimized,3,12.98,71.24,58.26,4050504,2025-09-03T12:03:52.443180,1-5MB
a8412aa6-f039-4c88-a053-007f2399efc3,uploads-files-5013424-Maple1_MZRT.glb,4.050504,unoptimized,6,15.77,68.91,53.13,4050504,2025-09-03T12:03:52.444179,1-5MB
a8412aa6-f039-4c88-a053-007f2399efc3,uploads-files-5013424-Maple1_MZRT.glb,4.050504,unoptimized,1,11.32,73.84,62.52,4050504,2025-09-03T12:03:52.444179,1-5MB
a8412aa6-f039-4c88-a053-007f2399efc3,uploads-files-5013424-Maple1_MZRT.glb,4.050504,unoptimized,5,18.51,71.78,53.27,4050504,2025-09-03T12:03:52.446181,1-5MB
a8412aa6-f039-4c88-a053-007f2399efc3,uploads-files-5013424-Maple1_MZRT.glb,4.050504,unoptimized,7,13.84,66.18,52.34,4050504,2025-09-03T12:03:52.446181,1-5MB
a8412aa6-f039-4c88-a053-007f2399efc3,uploads-files-5013424-Maple1_MZRT.glb,4.050504,unoptimized,8,17.37,61.28,43.91,4050504,2025-09-03T12:03:52.447183,1-5MB
a8412aa6-f039-4c88-a053-007f2399efc3,uploads-files-5013424-Maple1_MZRT.glb,4.050504,unoptimized,9,13.59,60.35,46.76,4050504,2025-09-03T12:03:52.448181,1-5MB
197dda53-cd56-4367-9267-e690ce98f44e,uploads_files_4529391_3D+Isometric+BEDROOM.glb,5.25404,unoptimized,4,12.06,75.76,63.7,5254040,2025-09-03T12:03:52.528488,5-10MB
197dda53-cd56-4367-9267-e690ce98f44e,uploads_files_4529391_3D+Isometric+BEDROOM.glb,5.25404,unoptimized,2,15.33,79.76,64.43,5254040,2025-09-03T12:03:52.530489,5-10MB
197dda53-cd56-4367-9267-e690ce98f44e,uploads_files_4529391_3D+Isometric+BEDROOM.glb,5.25404,unoptimized,7,15.7,69.26,53.56,5254040,2025-09-03T12:03:52.532488,5-10MB
197dda53-cd56-4367-9267-e690ce98f44e,uploads_files_4529391_3D+Isometric+BEDROOM.glb,5.25404,unoptimized,8,8.5,66.69,58.19,5254040,2025-09-03T12:03:52.533488,5-10MB
197dda53-cd56-4367-9267-e690ce98f44e,uploads_files_4529391_3D+Isometric+BEDROOM.glb,5.25404,unoptimized,9,10.94,65.14,54.2,5254040,2025-09-03T12:03:52.534186,5-10MB
197dda53-cd56-4367-9267-e690ce98f44e,uploads_files_4529391_3D+Isometric+BEDROOM.glb,5.25404,unoptimized,1,13.91,84.21,70.29,5254040,2025-09-03T12:03:52.534710,5-10MB
197dda53-cd56-4367-9267-e690ce98f44e,uploads_files_4529391_3D+Isometric+BEDROOM.glb,5.25404,unoptimized,5,17.36,80.7,63.34,5254040,2025-09-03T12:03:52.535797,5-10MB
197dda53-cd56-4367-9267-e690ce98f44e,uploads_files_4529391_3D+Isometric+BEDROOM.glb,5.25404,unoptimized,6,17.8,80.33,62.53,5254040,2025-09-03T12:03:52.536318,5-10MB
197dda53-cd56-4367-9267-e690ce98f44e,uploads_files_4529391_3D+Isometric+BEDROOM.glb,5.25404,unoptimized,0,11.77,90.31,78.54,5254040,2025-09-03T12:03:52.540329,5-10MB
197dda53-cd56-4367-9267-e690ce98f44e,uploads_files_4529391_3D+Isometric+BEDROOM.glb,5.25404,unoptimized,3,13.91,90.6,76.68,5254040,2025-09-03T12:03:52.542328,5-10MB
c4ba636b-dd40-466a-8707-f2e85c27e866,uploads_files_4741956_shoe+exp.glb,7.508156,unoptimized,0,15.62,120.42,104.79,7508156,2025-09-03T12:03:52.665226,5-10MB
c4ba636b-dd40-466a-8707-f2e85c27e866,uploads_files_4741956_shoe+exp.glb,7.508156,unoptimized,2,13.3,124.35,111.06,7508156,2025-09-03T12:03:52.670228,5-10MB
c4ba636b-dd40-466a-8707-f2e85c27e866,uploads_files_4741956_shoe+exp.glb,7.508156,unoptimized,1,15.67,126.0,110.33,7508156,2025-09-03T12:03:52.671227,5-10MB
c4ba636b-dd40-466a-8707-f2e85c27e866,uploads_files_4741956_shoe+exp.glb,7.508156,unoptimized,5,18.3,123.36,105.07,7508156,2025-09-03T12:03:52.672226,5-10MB
c4ba636b-dd40-466a-8707-f2e85c27e866,uploads_files_4741956_shoe+exp.glb,7.508156,unoptimized,3,16.21,126.09,109.88,7508156,2025-09-03T12:03:52.673227,5-10MB
c4ba636b-dd40-466a-8707-f2e85c27e866,uploads_files_4741956_shoe+exp.glb,7.508156,unoptimized,7,14.38,113.06,98.68,7508156,2025-09-03T12:03:52.674610,5-10MB
c4ba636b-dd40-466a-8707-f2e85c27e866,uploads_files_4741956_shoe+exp.glb,7.508156,unoptimized,4,23.03,128.51,105.49,7508156,2025-09-03T12:03:52.676224,5-10MB
c4ba636b-dd40-466a-8707-f2e85c27e866,uploads_files_4741956_shoe+exp.glb,7.508156,unoptimized,8,18.21,112.88,94.67,7508156,2025-09-03T12:03:52.677759,5-10MB
c4ba636b-dd40-466a-8707-f2e85c27e866,uploads_files_4741956_shoe+exp.glb,7.508156,unoptimized,9,12.18,114.03,101.85,7508156,2025-09-03T12:03:52.679758,5-10MB
c4ba636b-dd40-466a-8707-f2e85c27e866,uploads_files_4741956_shoe+exp.glb,7.508156,unoptimized,6,17.33,128.88,111.55,7508156,2025-09-03T12:03:52.682760,5-10MB
d418d47b-157f-4d64-a3ec-7c8761aae101,uploads_files_5742088_The_object_resembles__1228234205_texture.glb,7.590816,unoptimized,5,16.21,143.05,126.84,7590816,2025-09-03T12:03:52.835665,5-10MB
d418d47b-157f-4d64-a3ec-7c8761aae101,uploads_files_5742088_The_object_resembles__1228234205_texture.glb,7.590816,unoptimized,3,16.85,147.35,130.5,7590816,2025-09-03T12:03:52.836664,5-10MB
d418d47b-157f-4d64-a3ec-7c8761aae101,uploads_files_5742088_The_object_resembles__1228234205_texture.glb,7.590816,unoptimized,6,19.64,139.72,120.08,7590816,2025-09-03T12:03:52.838664,5-10MB
d418d47b-157f-4d64-a3ec-7c8761aae101,uploads_files_5742088_The_object_resembles__1228234205_texture.glb,7.590816,unoptimized,4,21.78,150.43,128.65,7590816,2025-09-03T12:03:52.841664,5-10MB
d418d47b-157f-4d64-a3ec-7c8761aae101,uploads_files_5742088_The_object_resembles__1228234205_texture.glb,7.590816,unoptimized,9,21.12,132.03,110.91,7590816,2025-09-03T12:03:52.841664,5-10MB
d418d47b-157f-4d64-a3ec-7c8761aae101,uploads_files_5742088_The_object_resembles__1228234205_texture.glb,7.590816,unoptimized,7,23.76,138.72,114.96,7590816,2025-09-03T12:03:52.842664,5-10MB
d418d47b-157f-4d64-a3ec-7c8761aae101,uploads_files_5742088_The_object_resembles__1228234205_texture.glb,7.590816,unoptimized,0,10.64,156.57,145.93,7590816,2025-09-03T12:03:52.842664,5-10MB
d418d47b-157f-4d64-a3ec-7c8761aae101,uploads_files_5742088_The_object_resembles__1228234205_texture.glb,7.590816,unoptimized,8,15.31,136.87,121.57,7590816,2025-09-03T12:03:52.843664,5-10MB
d418d47b-157f-4d64-a3ec-7c8761aae101,uploads_files_5742088_The_object_resembles__1228234205_texture.glb,7.590816,unoptimized,1,13.37,159.54,146.17,7590816,2025-09-03T12:03:52.846664,5-10MB
d418d47b-157f-4d64-a3ec-7c8761aae101,uploads_files_5742088_The_object_resembles__1228234205_texture.glb,7.590816,unoptimized,2,14.91,162.59,147.67,7590816,2025-09-03T12:03:52.850230,5-10MB
a579c4cb-cfe8-4bae-abf3-778e90ea0ddc,sodlier.glb,7.593644,unoptimized,5,27.07,146.17,119.11,7593644,2025-09-03T12:03:53.004113,5-10MB
a579c4cb-cfe8-4bae-abf3-778e90ea0ddc,sodlier.glb,7.593644,unoptimized,6,15.87,134.35,118.48,7593644,2025-09-03T12:03:53.005110,5-10MB
a579c4cb-cfe8-4bae-abf3-778e90ea0ddc,sodlier.glb,7.593644,unoptimized,4,19.25,149.97,130.72,7593644,2025-09-03T12:03:53.007111,5-10MB
a579c4cb-cfe8-4bae-abf3-778e90ea0ddc,sodlier.glb,7.593644,unoptimized,7,21.3,136.4,115.1,7593644,2025-09-03T12:03:53.009110,5-10MB
a579c4cb-cfe8-4bae-abf3-778e90ea0ddc,sodlier.glb,7.593644,unoptimized,3,14.52,154.89,140.37,7593644,2025-09-03T12:03:53.010683,5-10MB
a579c4cb-cfe8-4bae-abf3-778e90ea0ddc,sodlier.glb,7.593644,unoptimized,0,11.92,157.76,145.85,7593644,2025-09-03T12:03:53.011210,5-10MB
a579c4cb-cfe8-4bae-abf3-778e90ea0ddc,sodlier.glb,7.593644,unoptimized,9,16.74,132.92,116.18,7593644,2025-09-03T12:03:53.011779,5-10MB
a579c4cb-cfe8-4bae-abf3-778e90ea0ddc,sodlier.glb,7.593644,unoptimized,2,12.92,157.76,144.85,7593644,2025-09-03T12:03:53.012307,5-10MB
a579c4cb-cfe8-4bae-abf3-778e90ea0ddc,sodlier.glb,7.593644,unoptimized,1,15.53,161.42,145.89,7593644,2025-09-03T12:03:53.015499,5-10MB
a579c4cb-cfe8-4bae-abf3-778e90ea0ddc,sodlier.glb,7.593644,unoptimized,8,24.19,144.45,120.26,7593644,2025-09-03T12:03:53.019290,5-10MB
2ef983cb-461b-4123-85dd-d57802fa69e4,uploads_files_983028_Simple.glb,7.828704,unoptimized,7,14.87,115.23,100.36,7828704,2025-09-03T12:03:53.159650,5-10MB
2ef983cb-461b-4123-85dd-d57802fa69e4,uploads_files_983028_Simple.glb,7.828704,unoptimized,9,12.36,110.01,97.65,7828704,2025-09-03T12:03:53.161229,5-10MB
2ef983cb-461b-4123-85dd-d57802fa69e4,uploads_files_983028_Simple.glb,7.828704,unoptimized,6,23.69,129.66,105.97,7828704,2025-09-03T12:03:53.162376,5-10MB
2ef983cb-461b-4123-85dd-d57802fa69e4,uploads_files_983028_Simple.glb,7.828704,unoptimized,2,15.41,137.93,122.51,7828704,2025-09-03T12:03:53.162376,5-10MB
2ef983cb-461b-4123-85dd-d57802fa69e4,uploads_files_983028_Simple.glb,7.828704,unoptimized,3,17.79,138.37,120.58,7828704,2025-09-03T12:03:53.164384,5-10MB
2ef983cb-461b-4123-85dd-d57802fa69e4,uploads_files_983028_Simple.glb,7.828704,unoptimized,5,22.72,135.12,112.4,7828704,2025-09-03T12:03:53.165380,5-10MB
2ef983cb-461b-4123-85dd-d57802fa69e4,uploads_files_983028_Simple.glb,7.828704,unoptimized,0,12.34,141.86,129.53,7828704,2025-09-03T12:03:53.165380,5-10MB
2ef983cb-461b-4123-85dd-d57802fa69e4,uploads_files_983028_Simple.glb,7.828704,unoptimized,1,18.47,141.93,123.46,7828704,2025-09-03T12:03:53.165380,5-10MB
2ef983cb-461b-4123-85dd-d57802fa69e4,uploads_files_983028_Simple.glb,7.828704,unoptimized,4,19.46,139.39,119.93,7828704,2025-09-03T12:03:53.167380,5-10MB
2ef983cb-461b-4123-85dd-d57802fa69e4,uploads_files_983028_Simple.glb,7.828704,unoptimized,8,18.7,125.1,106.41,7828704,2025-09-03T12:03:53.170890,5-10MB
053feef8-ce47-4762-b431-cb500bee3a5b,uploads_files_5230575_Basketballk.glb,8.543268,unoptimized,5,27.73,136.31,108.59,8543268,2025-09-03T12:03:53.315001,5-10MB
053feef8-ce47-4762-b431-cb500bee3a5b,uploads_files_5230575_Basketballk.glb,8.543268,unoptimized,0,18.91,141.26,122.36,8543268,2025-09-03T12:03:53.316003,5-10MB
053feef8-ce47-4762-b431-cb500bee3a5b,uploads_files_5230575_Basketballk.glb,8.543268,unoptimized,8,16.9,123.21,106.3,8543268,2025-09-03T12:03:53.316003,5-10MB
053feef8-ce47-4762-b431-cb500bee3a5b,uploads_files_5230575_Basketballk.glb,8.543268,unoptimized,2,18.29,140.91,122.63,8543268,2025-09-03T12:03:53.316003,5-10MB
053feef8-ce47-4762-b431-cb500bee3a5b,uploads_files_5230575_Basketballk.glb,8.543268,unoptimized,7,22.73,129.7,106.97,8543268,2025-09-03T12:03:53.318001,5-10MB
053feef8-ce47-4762-b431-cb500bee3a5b,uploads_files_5230575_Basketballk.glb,8.543268,unoptimized,4,21.15,140.04,118.89,8543268,2025-09-03T12:03:53.318001,5-10MB
053feef8-ce47-4762-b431-cb500bee3a5b,uploads_files_5230575_Basketballk.glb,8.543268,unoptimized,3,17.85,142.81,124.96,8543268,2025-09-03T12:03:53.319002,5-10MB
053feef8-ce47-4762-b431-cb500bee3a5b,uploads_files_5230575_Basketballk.glb,8.543268,unoptimized,9,19.54,124.08,104.54,8543268,2025-09-03T12:03:53.319002,5-10MB
053feef8-ce47-4762-b431-cb500bee3a5b,uploads_files_5230575_Basketballk.glb,8.543268,unoptimized,1,16.71,147.49,130.78,8543268,2025-09-03T12:03:53.322415,5-10MB
053feef8-ce47-4762-b431-cb500bee3a5b,uploads_files_5230575_Basketballk.glb,8.543268,unoptimized,6,22.2,145.9,123.7,8543268,2025-09-03T12:03:53.326076,5-10MB
de81f919-c889-47b0-9b78-1d47131dca90,uploads-files-5573121-gbcs3_2.glb,9.469412,unoptimized,3,17.17,130.96,113.8,9469412,2025-09-03T12:03:53.462425,5-10MB
de81f919-c889-47b0-9b78-1d47131dca90,uploads-files-5573121-gbcs3_2.glb,9.469412,unoptimized,0,8.77,137.64,128.87,9469412,2025-09-03T12:03:53.467251,5-10MB
de81f919-c889-47b0-9b78-1d47131dca90,uploads-files-5573121-gbcs3_2.glb,9.469412,unoptimized,7,16.07,126.86,110.79,9469412,2025-09-03T12:03:53.468846,5-10MB
de81f919-c889-47b0-9b78-1d47131dca90,uploads-files-5573121-gbcs3_2.glb,9.469412,unoptimized,2,14.43,139.04,124.61,9469412,2025-09-03T12:03:53.469375,5-10MB
de81f919-c889-47b0-9b78-1d47131dca90,uploads-files-5573121-gbcs3_2.glb,9.469412,unoptimized,9,10.36,119.99,109.63,9469412,2025-09-03T12:03:53.471481,5-10MB
de81f919-c889-47b0-9b78-1d47131dca90,uploads-files-5573121-gbcs3_2.glb,9.469412,unoptimized,5,22.42,140.24,117.82,9469412,2025-09-03T12:03:53.473602,5-10MB
de81f919-c889-47b0-9b78-1d47131dca90,uploads-files-5573121-gbcs3_2.glb,9.469412,unoptimized,6,15.66,139.44,123.78,9469412,2025-09-03T12:03:53.474136,5-10MB
de81f919-c889-47b0-9b78-1d47131dca90,uploads-files-5573121-gbcs3_2.glb,9.469412,unoptimized,1,10.67,145.08,134.41,9469412,2025-09-03T12:03:53.474652,5-10MB
de81f919-c889-47b0-9b78-1d47131dca90,uploads-files-5573121-gbcs3_2.glb,9.469412,unoptimized,4,15.14,146.64,131.5,9469412,2025-09-03T12:03:53.478713,5-10MB
de81f919-c889-47b0-9b78-1d47131dca90,uploads-files-5573121-gbcs3_2.glb,9.469412,unoptimized,8,14.32,132.49,118.17,9469412,2025-09-03T12:03:53.481920,5-10MB
1f989abd-c52d-4841-bd93-4df29f64406f,uploads_files_5855554_house_ivy_(GLB).glb,9.505484,unoptimized,5,19.3,131.84,112.54,9505484,2025-09-03T12:03:53.619845,5-10MB
1f989abd-c52d-4841-bd93-4df29f64406f,uploads_files_5855554_house_ivy_(GLB).glb,9.505484,unoptimized,1,9.92,135.91,125.99,9505484,2025-09-03T12:03:53.621562,5-10MB
1f989abd-c52d-4841-bd93-4df29f64406f,uploads_files_5855554_house_ivy_(GLB).glb,9.505484,unoptimized,2,16.61,136.92,120.31,9505484,2025-09-03T12:03:53.623103,5-10MB
1f989abd-c52d-4841-bd93-4df29f64406f,uploads_files_5855554_house_ivy_(GLB).glb,9.505484,unoptimized,3,16.96,136.59,119.63,9505484,2025-09-03T12:03:53.623624,5-10MB
1f989abd-c52d-4841-bd93-4df29f64406f,uploads_files_5855554_house_ivy_(GLB).glb,9.505484,unoptimized,6,21.92,133.91,111.99,9505484,2025-09-03T12:03:53.623624,5-10MB
1f989abd-c52d-4841-bd93-4df29f64406f,uploads_files_5855554_house_ivy_(GLB).glb,9.505484,unoptimized,0,12.09,139.79,127.7,9505484,2025-09-03T12:03:53.624631,5-10MB
1f989abd-c52d-4841-bd93-4df29f64406f,uploads_files_5855554_house_ivy_(GLB).glb,9.505484,unoptimized,7,18.29,133.24,114.95,9505484,2025-09-03T12:03:53.624631,5-10MB
1f989abd-c52d-4841-bd93-4df29f64406f,uploads_files_5855554_house_ivy_(GLB).glb,9.505484,unoptimized,4,11.78,140.57,128.79,9505484,2025-09-03T12:03:53.627634,5-10MB
1f989abd-c52d-4841-bd93-4df29f64406f,uploads_files_5855554_house_ivy_(GLB).glb,9.505484,unoptimized,9,16.34,124.66,108.31,9505484,2025-09-03T12:03:53.630635,5-10MB
1f989abd-c52d-4841-bd93-4df29f64406f,uploads_files_5855554_house_ivy_(GLB).glb,9.505484,unoptimized,8,21.92,131.99,110.08,9505484,2025-09-03T12:03:53.633662,5-10MB
a04e274f-4bbf-4ae9-b33b-a7c06bcec1ac,uploads_files_6342160_Sand+Castle.glb,11.21324,unoptimized,4,14.48,146.68,132.2,11213240,2025-09-03T12:03:53.786425,>10MB
a04e274f-4bbf-4ae9-b33b-a7c06bcec1ac,uploads_files_6342160_Sand+Castle.glb,11.21324,unoptimized,9,13.62,129.2,115.58,11213240,2025-09-03T12:03:53.788007,>10MB
a04e274f-4bbf-4ae9-b33b-a7c06bcec1ac,uploads_files_6342160_Sand+Castle.glb,11.21324,unoptimized,8,14.32,134.13,119.81,11213240,2025-09-03T12:03:53.791865,>10MB
a04e274f-4bbf-4ae9-b33b-a7c06bcec1ac,uploads_files_6342160_Sand+Castle.glb,11.21324,unoptimized,6,21.67,151.19,129.52,11213240,2025-09-03T12:03:53.792960,>10MB
a04e274f-4bbf-4ae9-b33b-a7c06bcec1ac,uploads_files_6342160_Sand+Castle.glb,11.21324,unoptimized,0,15.77,158.19,142.43,11213240,2025-09-03T12:03:53.794592,>10MB
a04e274f-4bbf-4ae9-b33b-a7c06bcec1ac,uploads_files_6342160_Sand+Castle.glb,11.21324,unoptimized,7,11.74,140.7,128.96,11213240,2025-09-03T12:03:53.795659,>10MB
a04e274f-4bbf-4ae9-b33b-a7c06bcec1ac,uploads_files_6342160_Sand+Castle.glb,11.21324,unoptimized,5,21.14,155.49,134.35,11213240,2025-09-03T12:03:53.795659,>10MB
a04e274f-4bbf-4ae9-b33b-a7c06bcec1ac,uploads_files_6342160_Sand+Castle.glb,11.21324,unoptimized,2,15.37,160.48,145.11,11213240,2025-09-03T12:03:53.797673,>10MB
a04e274f-4bbf-4ae9-b33b-a7c06bcec1ac,uploads_files_6342160_Sand+Castle.glb,11.21324,unoptimized,1,12.97,166.18,153.21,11213240,2025-09-03T12:03:53.803182,>10MB
a04e274f-4bbf-4ae9-b33b-a7c06bcec1ac,uploads_files_6342160_Sand+Castle.glb,11.21324,unoptimized,3,18.1,169.12,151.02,11213240,2025-09-03T12:03:53.807194,>10MB
b03c31e3-3d42-42bf-95e1-e55104170ce9,Wire_Fence.glb,13.246,unoptimized,2,16.07,203.31,187.23,13246000,2025-09-03T12:03:54.014870,>10MB
b03c31e3-3d42-42bf-95e1-e55104170ce9,Wire_Fence.glb,13.246,unoptimized,5,24.04,201.03,176.99,13246000,2025-09-03T12:03:54.015872,>10MB
b03c31e3-3d42-42bf-95e1-e55104170ce9,Wire_Fence.glb,13.246,unoptimized,6,18.36,203.3,184.94,13246000,2025-09-03T12:03:54.019871,>10MB
b03c31e3-3d42-42bf-95e1-e55104170ce9,Wire_Fence.glb,13.246,unoptimized,3,12.76,210.02,197.26,13246000,2025-09-03T12:03:54.022926,>10MB
b03c31e3-3d42-42bf-95e1-e55104170ce9,Wire_Fence.glb,13.246,unoptimized,0,15.43,213.15,197.72,13246000,2025-09-03T12:03:54.023976,>10MB
b03c31e3-3d42-42bf-95e1-e55104170ce9,Wire_Fence.glb,13.246,unoptimized,1,8.03,213.73,205.7,13246000,2025-09-03T12:03:54.025029,>10MB
b03c31e3-3d42-42bf-95e1-e55104170ce9,Wire_Fence.glb,13.246,unoptimized,7,25.13,205.94,180.81,13246000,2025-09-03T12:03:54.025029,>10MB
b03c31e3-3d42-42bf-95e1-e55104170ce9,Wire_Fence.glb,13.246,unoptimized,4,15.99,214.9,198.92,13246000,2025-09-03T12:03:54.029036,>10MB
b03c31e3-3d42-42bf-95e1-e55104170ce9,Wire_Fence.glb,13.246,unoptimized,9,28.88,198.43,169.55,13246000,2025-09-03T12:03:54.034038,>10MB
b03c31e3-3d42-42bf-95e1-e55104170ce9,Wire_Fence.glb,13.246,unoptimized,8,30.83,211.56,180.72,13246000,2025-09-03T12:03:54.040815,>10MB
9e5e8a6e-9826-4618-85cb-e2b624591dfe,uploads_files_5258920_Football.glb,13.385432,unoptimized,0,16.16,247.48,231.32,13385432,2025-09-03T12:03:54.294058,>10MB
9e5e8a6e-9826-4618-85cb-e2b624591dfe,uploads_files_5258920_Football.glb,13.385432,unoptimized,1,48.56,305.23,256.67,13385432,2025-09-03T12:03:54.352234,>10MB
9e5e8a6e-9826-4618-85cb-e2b624591dfe,uploads_files_5258920_Football.glb,13.385432,unoptimized,2,38.82,308.96,270.14,13385432,2025-09-03T12:03:54.356775,>10MB
9e5e8a6e-9826-4618-85cb-e2b624591dfe,uploads_files_5258920_Football.glb,13.385432,unoptimized,4,57.85,284.29,226.44,13385432,2025-09-03T12:03:54.359772,>10MB
9e5e8a6e-9826-4618-85cb-e2b624591dfe,uploads_files_5258920_Football.glb,13.385432,unoptimized,6,27.72,248.46,220.73,13385432,2025-09-03T12:03:54.361772,>10MB
9e5e8a6e-9826-4618-85cb-e2b624591dfe,uploads_files_5258920_Football.glb,13.385432,unoptimized,3,48.8,298.49,249.68,13385432,2025-09-03T12:03:54.365773,>10MB
9e5e8a6e-9826-4618-85cb-e2b624591dfe,uploads_files_5258920_Football.glb,13.385432,unoptimized,8,47.31,244.42,197.1,13385432,2025-09-03T12:03:54.367774,>10MB
9e5e8a6e-9826-4618-85cb-e2b624591dfe,uploads_files_5258920_Football.glb,13.385432,unoptimized,5,33.45,263.78,230.33,13385432,2025-09-03T12:03:54.367774,>10MB
9e5e8a6e-9826-4618-85cb-e2b624591dfe,uploads_files_5258920_Football.glb,13.385432,unoptimized,9,36.59,243.43,206.85,13385432,2025-09-03T12:03:54.372287,>10MB
9e5e8a6e-9826-4618-85cb-e2b624591dfe,uploads_files_5258920_Football.glb,13.385432,unoptimized,7,21.78,255.69,233.91,13385432,2025-09-03T12:03:54.377199,>10MB
6dd6e0c0-1aa9-4209-8301-3dca83ca6a29,uploads-files-6107920-Kids_Slide.glb,14.331172,unoptimized,6,28.13,255.46,227.33,14331172,2025-09-03T12:03:54.647123,>10MB
6dd6e0c0-1aa9-4209-8301-3dca83ca6a29,uploads-files-6107920-Kids_Slide.glb,14.331172,unoptimized,4,20.06,262.05,241.99,14331172,2025-09-03T12:03:54.649746,>10MB
6dd6e0c0-1aa9-4209-8301-3dca83ca6a29,uploads-files-6107920-Kids_Slide.glb,14.331172,unoptimized,8,36.67,256.05,219.39,14331172,2025-09-03T12:03:54.661757,>10MB
6dd6e0c0-1aa9-4209-8301-3dca83ca6a29,uploads-files-6107920-Kids_Slide.glb,14.331172,unoptimized,0,11.25,280.99,269.74,14331172,2025-09-03T12:03:54.663754,>10MB
6dd6e0c0-1aa9-4209-8301-3dca83ca6a29,uploads-files-6107920-Kids_Slide.glb,14.331172,unoptimized,3,16.74,278.83,262.08,14331172,2025-09-03T12:03:54.664757,>10MB
6dd6e0c0-1aa9-4209-8301-3dca83ca6a29,uploads-files-6107920-Kids_Slide.glb,14.331172,unoptimized,1,11.69,282.55,270.86,14331172,2025-09-03T12:03:54.665753,>10MB
6dd6e0c0-1aa9-4209-8301-3dca83ca6a29,uploads-files-6107920-Kids_Slide.glb,14.331172,unoptimized,5,48.57,275.98,227.41,14331172,2025-09-03T12:03:54.666754,>10MB
6dd6e0c0-1aa9-4209-8301-3dca83ca6a29,uploads-files-6107920-Kids_Slide.glb,14.331172,unoptimized,7,25.27,267.55,242.28,14331172,2025-09-03T12:03:54.667756,>10MB
6dd6e0c0-1aa9-4209-8301-3dca83ca6a29,uploads-files-6107920-Kids_Slide.glb,14.331172,unoptimized,9,38.02,263.52,225.49,14331172,2025-09-03T12:03:54.674748,>10MB
6dd6e0c0-1aa9-4209-8301-3dca83ca6a29,uploads-files-6107920-Kids_Slide.glb,14.331172,unoptimized,2,21.17,294.93,273.75,14331172,2025-09-03T12:03:54.678756,>10MB
473cb7b8-d52c-4b88-b78c-ce52c25bbb5e,uploads-files-6244860-Exterior_Table.glb,16.47714,unoptimized,4,23.48,285.66,262.18,16477140,2025-09-03T12:03:54.972579,>10MB
473cb7b8-d52c-4b88-b78c-ce52c25bbb5e,uploads-files-6244860-Exterior_Table.glb,16.47714,unoptimized,3,17.24,294.59,277.34,16477140,2025-09-03T12:03:54.980362,>10MB
473cb7b8-d52c-4b88-b78c-ce52c25bbb5e,uploads-files-6244860-Exterior_Table.glb,16.47714,unoptimized,2,26.68,304.34,277.66,16477140,2025-09-03T12:03:54.988906,>10MB
473cb7b8-d52c-4b88-b78c-ce52c25bbb5e,uploads-files-6244860-Exterior_Table.glb,16.47714,unoptimized,5,25.05,302.49,277.44,16477140,2025-09-03T12:03:54.991976,>10MB
473cb7b8-d52c-4b88-b78c-ce52c25bbb5e,uploads-files-6244860-Exterior_Table.glb,16.47714,unoptimized,6,29.48,315.54,286.06,16477140,2025-09-03T12:03:55.006250,>10MB
473cb7b8-d52c-4b88-b78c-ce52c25bbb5e,uploads-files-6244860-Exterior_Table.glb,16.47714,unoptimized,8,43.08,306.42,263.34,16477140,2025-09-03T12:03:55.009251,>10MB
473cb7b8-d52c-4b88-b78c-ce52c25bbb5e,uploads-files-6244860-Exterior_Table.glb,16.47714,unoptimized,1,9.41,328.67,319.27,16477140,2025-09-03T12:03:55.013427,>10MB
473cb7b8-d52c-4b88-b78c-ce52c25bbb5e,uploads-files-6244860-Exterior_Table.glb,16.47714,unoptimized,7,47.93,321.94,274.01,16477140,2025-09-03T12:03:55.014423,>10MB
473cb7b8-d52c-4b88-b78c-ce52c25bbb5e,uploads-files-6244860-Exterior_Table.glb,16.47714,unoptimized,0,20.12,334.94,314.82,16477140,2025-09-03T12:03:55.018966,>10MB
473cb7b8-d52c-4b88-b78c-ce52c25bbb5e,uploads-files-6244860-Exterior_Table.glb,16.47714,unoptimized,9,48.45,315.32,266.88,16477140,2025-09-03T12:03:55.026041,>10MB
